"IGE","SKIN"
24.87,.055
12.9,.041034
9.87,.050909
8.74,.046
6.88,.039032
5.9,.050909
4.85,.042142
3.53,.055
2.25,4.333333
2.14,.55
1.94,.050909
1.29,.446153
.94,.4
.91,.475
.55,4.461538
.3,4.103448
.14,7.428571
.11,4.461538
.1,6.625
.1,49.13043
.1,36.47058
.1,52.85714
.1,47.5
